Id,Text,BeginPosition,EndPosition,BeginTime,EndTime,Confidence,SpeakerConfidence,Admiration,Adoration,Aesthetic Appreciation,Amusement,Anger,Annoyance,Anxiety,Awe,Awkwardness,Boredom,Calmness,Concentration,Confusion,Contemplation,Contempt,Contentment,Craving,Determination,Disappointment,Disapproval,Disgust,Distress,Doubt,Ecstasy,Embarrassment,Empathic Pain,Enthusiasm,Entrancement,Envy,Excitement,Fear,Gratitude,Guilt,Horror,Interest,Joy,Love,Nostalgia,Pain,Pride,Realization,Relief,Romance,Sadness,Sarcasm,Satisfaction,Desire,Shame,Surprise (negative),Surprise (positive),Sympathy,Tiredness,Triumph,1,2,3,4,5,6,7,8,9,toxic,severe_toxic,obscene,threat,insult,identity_hate
unknown,"Hi, Sarah.",0,10,2.341055,2.8172019,,,0.04945938661694527,0.04136615991592407,0.03616505488753319,0.06413184106349945,0.0003776345984078944,0.004265891388058662,0.0007642070995643735,0.019808979704976082,0.0241012554615736,0.02314930036664009,0.5539796948432922,0.025371339172124863,0.010553309693932533,0.025237688794732094,0.015868065878748894,0.1756419539451599,0.000713955843821168,0.004403427243232727,0.0010404770728200674,0.0021394609939306974,0.0006940824678167701,0.0003849636414088309,0.001960278023034334,0.0040372926741838455,0.0018327080179005861,0.0027497909031808376,0.10835039615631104,0.01613250933587551,0.0010469401022419333,0.04547599330544472,0.0002234896965092048,0.035905782133340836,0.0003401639696676284,0.00014494609786197543,0.3105141818523407,0.15013228356838226,0.04159892722964287,0.016921397298574448,0.0001778310543159023,0.01553720235824585,0.02988635003566742,0.01299136783927679,0.009374049492180347,0.00042910658521577716,0.009181799367070198,0.11692818999290466,0.0017397014889866114,0.0008286167867481709,0.005235161166638136,0.08743279427289963,0.008358830586075783,0.0015577051090076566,0.010661403648555279,0.0004874308651778847,0.0004733809328172356,0.0008701870683580637,0.0031211343593895435,0.4689065217971802,0.22067880630493164,0.09663442522287369,0.07212463766336441,0.0809675008058548,,,,,,
unknown,How are you doing today?,11,35,3.0552752,3.7694952,,,0.030920768156647682,0.0251496322453022,0.034375615417957306,0.03146534785628319,0.00035889766877517104,0.0032243942841887474,0.0015848636394366622,0.009394031949341297,0.01485257875174284,0.020197059959173203,0.43738022446632385,0.04020334407687187,0.008579236455261707,0.06228973716497421,0.013471636921167374,0.14900092780590057,0.003070679260417819,0.009770940989255905,0.0013061920180916786,0.0022374570835381746,0.000775011139921844,0.0006377525278367102,0.004374543204903603,0.002538308734074235,0.0010903601069003344,0.007458923850208521,0.15364967286586761,0.011954430490732193,0.0011431713355705142,0.043646980077028275,0.00037548638647422194,0.027925703674554825,0.0007139138760976493,0.0001484793465351686,0.6574158668518066,0.08621986210346222,0.035976655781269073,0.012319936417043209,0.00027548574144020677,0.009626854211091995,0.013778450898826122,0.005720624700188637,0.0053491913713514805,0.0006705005653202534,0.004285414237529039,0.09224013239145279,0.0016799615696072578,0.0008074170909821987,0.003577250987291336,0.0346352644264698,0.01967872865498066,0.0016071137506514788,0.004607164300978184,0.0005592610687017441,0.0005176973645575345,0.0009148236713372171,0.0028380071744322777,0.24396759271621704,0.2839275300502777,0.18396656215190887,0.1301843374967575,0.10951930284500122,,,,,,
unknown,I'm good.,36,45,4.007569,4.245642,,,0.03681812807917595,0.02998257242143154,0.03795226290822029,0.030111627653241158,0.00033123668981716037,0.002534671686589718,0.001969679491594434,0.009672589600086212,0.010548354126513004,0.01244684774428606,0.47021031379699707,0.03378186374902725,0.005739567335695028,0.05933651328086853,0.016561150550842285,0.2985229194164276,0.003907233010977507,0.01274037268012762,0.0010468102991580963,0.0020779594779014587,0.0007900680066086352,0.00061935861594975,0.004151609260588884,0.005594965536147356,0.0007640172261744738,0.00740556325763464,0.22515030205249786,0.012024320662021637,0.001069232472218573,0.06695244461297989,0.0004147323197685182,0.044872671365737915,0.0006111323600634933,0.0001349445665255189,0.5633453130722046,0.14773701131343842,0.05011937394738197,0.009567216970026493,0.0002906150184571743,0.01445087045431137,0.012087393552064896,0.016142791137099266,0.005931595806032419,0.0005277088494040072,0.0034163680393248796,0.20156261324882507,0.0022561161313205957,0.0006739309756085277,0.002470372011885047,0.03891368955373764,0.020444093272089958,0.0023189738858491182,0.009469481185078621,0.0005595149123109877,0.000725633988622576,0.0011636462295427918,0.002904410008341074,0.08563830703496933,0.2131212204694748,0.2845415472984314,0.2602963149547577,0.18450884521007538,,,,,,
unknown,Thanks.,46,53,4.4043574,4.4837155,0.9975586,0.46867514,0.07340612262487411,0.04804482311010361,0.08296453207731247,0.01975991018116474,0.00022429664386436343,0.0022597580682486296,0.001667991979047656,0.013379485346376896,0.010249719955027103,0.011339864693582058,0.4647289514541626,0.03930157423019409,0.0061517986468970776,0.06946641951799393,0.014683564193546772,0.3443159759044647,0.004528135061264038,0.012376736849546432,0.0010791850509122014,0.0015461290022358298,0.0005778730846941471,0.0005624255863949656,0.00380610185675323,0.004926609341055155,0.0007992155151441693,0.005941181443631649,0.22295936942100525,0.016761455684900284,0.0008200029260478914,0.05661853402853012,0.00035023310920223594,0.3132723271846771,0.0004788608057424426,9.665379911893979e-05,0.6095926761627197,0.1503283977508545,0.056889865547418594,0.010973906144499779,0.0002811544400174171,0.013042165897786617,0.01207651011645794,0.025335991755127907,0.006340203806757927,0.0005656565190292895,0.0040519810281693935,0.2683236598968506,0.0018902773736044765,0.0005041884141974151,0.0017409800784662366,0.04833279550075531,0.01556025817990303,0.0018389199394732714,0.009007886983454227,0.0007100100046955049,0.0009176618186756968,0.0013261055573821068,0.0029717502184212208,0.07940545678138733,0.19221054017543793,0.27387887239456177,0.2795043885707855,0.21304956078529358,,,,,,
unknown,How are you?,54,66,4.721789,5.118578,,,0.05457313731312752,0.035604942589998245,0.05912255868315697,0.01708298735320568,0.0002719299809541553,0.00243985909037292,0.002838553860783577,0.010302918031811714,0.012100358493626118,0.011519204825162888,0.4345076382160187,0.05100114271044731,0.008745737373828888,0.0920787826180458,0.013348470441997051,0.24401172995567322,0.00528807332739234,0.01699831150472164,0.00113619992043823,0.001836775685660541,0.0006598691688850522,0.0008249265956692398,0.006697827484458685,0.0036043236032128334,0.000838282925542444,0.009861483238637447,0.21550551056861877,0.014660818502306938,0.0008300735498778522,0.05348166450858116,0.0006030463264323771,0.19728486239910126,0.0006334601202979684,0.0001315277477260679,0.729468822479248,0.10210229456424713,0.04866517707705498,0.008855713531374931,0.0003401532885618508,0.00997865665704012,0.010747304186224937,0.01970645971596241,0.006022145040333271,0.0006571808480657637,0.0038269637152552605,0.18587028980255127,0.0021313324104994535,0.0005793258897028863,0.0022168257273733616,0.041460491716861725,0.024936843663454056,0.0018437773687765002,0.006583324167877436,0.0006952417315915227,0.0008589672506786883,0.0012717811623588204,0.002966078696772456,0.08516310155391693,0.20281866192817688,0.27235016226768494,0.2707923352718353,0.20523402094841003,,,,,,
unknown,I'm good.,67,76,5.436009,5.832798,,,0.0585700161755085,0.042440712451934814,0.05484458804130554,0.016265759244561195,0.0002498418907634914,0.002291457261890173,0.0028500184416770935,0.010345470160245895,0.011379051953554153,0.010150701738893986,0.4911152124404907,0.044546350836753845,0.007483379915356636,0.08284293860197067,0.013064155355095863,0.3189004957675934,0.004815534222871065,0.018366655334830284,0.0008890784229151905,0.0015288926661014557,0.0005251744296401739,0.0007407385855913162,0.005558519624173641,0.004322306718677282,0.0006503781187348068,0.009824481792747974,0.23420697450637817,0.013933960348367691,0.0008451319299638271,0.056919164955616,0.0005238961894065142,0.17357754707336426,0.0004834952123928815,9.644811507314444e-05,0.6610669493675232,0.12548640370368958,0.06226982921361923,0.007844580337405205,0.0003527834196574986,0.014815711416304111,0.010605460032820702,0.025702394545078278,0.0070730289444327354,0.0005885017453692853,0.003559777047485113,0.23094044625759125,0.0023695980198681355,0.00048495561350136995,0.0017838954227045178,0.04078860580921173,0.025611627846956253,0.0020921630784869194,0.008559844456613064,0.0007554059848189354,0.00098939158488065,0.0013961902586743236,0.0029332025442272425,0.06277520954608917,0.15614628791809082,0.26992267370224,0.3056749999523163,0.25529319047927856,,,,,,
unknown,I'm gonna jump right into our first question.,77,122,6.3883023,8.2135315,,,0.024198118597269058,0.014413137920200825,0.023515649139881134,0.007345227524638176,0.00042937358375638723,0.005540674552321434,0.01647559553384781,0.006542116869240999,0.01639438606798649,0.013052607886493206,0.5530703663825989,0.19257691502571106,0.01538191270083189,0.13969437777996063,0.01332401018589735,0.20795300602912903,0.0036228476092219353,0.11831876635551453,0.0010385069763287902,0.0019303549779579043,0.0004976439522579312,0.002354616764932871,0.020421888679265976,0.002224511466920376,0.0007097130292095244,0.0074654025956988335,0.29647448658943176,0.011353232897818089,0.0004049845156259835,0.08383281528949738,0.0025479309260845184,0.19208386540412903,0.0006376786041073501,0.00011909033491974697,0.6812627911567688,0.045246630907058716,0.01927611604332924,0.0025886937510222197,0.0004158700758125633,0.01560012437403202,0.01577504724264145,0.03760999068617821,0.0029497086070477962,0.0004869401454925537,0.004201606847345829,0.16290488839149475,0.0012161147315055132,0.0004985121195204556,0.002272725338116288,0.03742420673370361,0.015455354005098343,0.006447318941354752,0.01396656222641468,0.0008073378121480346,0.0009630142594687641,0.0013649817556142807,0.0030667008832097054,0.08948185294866562,0.19720235466957092,0.2666619122028351,0.2699962556362152,0.21436849236488342,,,,,,
unknown,So can you tell me how you would perform pre t on a binary tree?,123,187,8.863636,12.836363,,,0.03399225324392319,0.016119634732604027,0.034456733614206314,0.012174492701888084,0.000358822027919814,0.004158728756010532,0.02538449317216873,0.007564432453364134,0.031425561755895615,0.010395415127277374,0.3293006122112274,0.26811736822128296,0.03539900854229927,0.22740031778812408,0.012089365161955357,0.12184811383485794,0.006486988160759211,0.22733868658542633,0.0013690104242414236,0.002200897317379713,0.0004969063447788358,0.002863449975848198,0.058540355414152145,0.0024554398842155933,0.0017053131014108658,0.011612934991717339,0.3348451852798462,0.01914704032242298,0.0008666046778671443,0.08230462670326233,0.005118364468216896,0.09742563962936401,0.0011843678075820208,0.0001870001869974658,0.7693124413490295,0.0351126492023468,0.02015446126461029,0.0029846823308616877,0.0006363886641338468,0.02835184335708618,0.013464064337313175,0.012039518915116787,0.00495472177863121,0.0006921552703715861,0.006224857643246651,0.1067364513874054,0.0022625753190368414,0.0010903084184974432,0.002239265013486147,0.025637580081820488,0.021348387002944946,0.0036413429770618677,0.015809092670679092,0.0010687089525163174,0.0015190142439678311,0.0020832642912864685,0.004732221364974976,0.1751023679971695,0.218642458319664,0.2470719963312149,0.2272355556488037,0.1408850997686386,,,,,,
unknown,Sure.,188,193,13.1541815,13.313091,0.99902344,0.47043246,0.024196110665798187,0.010889549739658833,0.021427784115076065,0.010312811471521854,0.000676266907248646,0.008966830559074879,0.041853006929159164,0.005598941817879677,0.0702606812119484,0.020661236718297005,0.4096798002719879,0.2189180999994278,0.07867126911878586,0.2182428538799286,0.015542659908533096,0.13647113740444183,0.005851269233971834,0.1677362471818924,0.0023468269500881433,0.002967475214973092,0.000717518909368664,0.004989248234778643,0.10197681188583374,0.0014700553147122264,0.0034709786996245384,0.009686657227575779,0.1920296996831894,0.013811283744871616,0.0010347046190872788,0.04629157856106758,0.007588955573737621,0.11773871630430222,0.0016508044209331274,0.0002004426933126524,0.66459721326828,0.02076912112534046,0.012644506990909576,0.0023415160831063986,0.0011503647547215223,0.03420589119195938,0.015866724774241447,0.017924904823303223,0.004264785908162594,0.0012999724131077528,0.013327653519809246,0.09886167198419571,0.0021795902866870165,0.0017838341882452369,0.0038107812870293856,0.027782076969742775,0.01646723411977291,0.007221353240311146,0.015393788926303387,0.003910361789166927,0.007029151078313589,0.008502775803208351,0.018128294497728348,0.2529124319553375,0.22852692008018494,0.20185373723506927,0.1859065294265747,0.07643702626228333,,,,,,
unknown,"So if you had it or given a binary tree, usually given as",194,251,13.710363,17.229637,,,0.005445767194032669,0.0026146050076931715,0.015623168088495731,0.013278222642838955,0.0013784741749987006,0.0173085555434227,0.03541005402803421,0.002646273234859109,0.03487977385520935,0.023585118353366852,0.17706730961799622,0.5141229033470154,0.10767100006341934,0.22019119560718536,0.016644736751914024,0.02739492803812027,0.005667390301823616,0.2690645754337311,0.002225313102826476,0.005429612472653389,0.0011652231914922595,0.007420244626700878,0.06754028797149658,0.0014093731297180057,0.0017150325002148747,0.004866671282798052,0.20156356692314148,0.013303386978805065,0.0004267999029252678,0.050066255033016205,0.008437320590019226,0.010193895548582077,0.0008321283385157585,0.0004917637561447918,0.5885918736457825,0.00761762447655201,0.0027994662523269653,0.0020861956290900707,0.001121021225117147,0.011597632430493832,0.014837976545095444,0.003186585148796439,0.001582498662173748,0.0005310184205882251,0.01386447437107563,0.031955864280462265,0.0017673317342996597,0.001043430995196104,0.003994283266365528,0.008786942809820175,0.005521318409591913,0.008948461152613163,0.011394361965358257,0.0012387572787702084,0.0017424619290977716,0.002709771506488323,0.00989976990967989,0.44967442750930786,0.24513672292232513,0.11832785606384277,0.08873022347688675,0.04836643859744072,,,,,,
unknown,"list of nodes and their children, you would wanna start at the route and basically create a stack data structure and push the nodes going down the stack all the way down to all the way down the left sub until you reach a leaf.",252,478,17.699718,29.945002,,,0.023391610011458397,0.006323099136352539,0.051680922508239746,0.007313100155442953,0.006559924688190222,0.09851648658514023,0.0022871890105307102,0.010577403008937836,0.0058298115618526936,0.022392284125089645,0.1066606268286705,0.638267993927002,0.06821224093437195,0.25875046849250793,0.07481430470943451,0.009840494953095913,0.0009340184624306858,0.16834470629692078,0.01519332081079483,0.08911681175231934,0.008261269889771938,0.005068930797278881,0.011392866261303425,0.00027625876828096807,0.0013901302590966225,0.010457050055265427,0.02289661578834057,0.02647978998720646,0.0009699052316136658,0.0021823118440806866,0.0008358444320037961,0.006959917023777962,0.0007337512797676027,0.0010433777933940291,0.27341222763061523,0.000923259009141475,0.0033261317294090986,0.01323525421321392,0.0014288652455434203,0.009989794343709946,0.06645722687244415,0.0013401516480371356,0.0008556571556255221,0.002013840014114976,0.013807226903736591,0.018355295062065125,0.0009159184992313385,0.0022257203236222267,0.008804824203252792,0.0032042169477790594,0.013100857846438885,0.009224437177181244,0.009849307127296925,0.006856153253465891,0.009166148491203785,0.008796711452305317,0.018097467720508575,0.8253880143165588,0.05631628632545471,0.026360584422945976,0.019837429746985435,0.018016310408711433,,,,,,
unknown,"And that would be the first note that you would put into your list or wherever you're storing your pre reversal, And then from there, you move up the tree, each time you encounter a parent node, you would want to go through its left sub trees and repeat the process, searching all the leaves.",479,771,30.345001,44.611523,,,0.016496410593390465,0.0036091108340770006,0.07647901028394699,0.010294368490576744,0.0010376123245805502,0.011518523097038269,0.006441470235586166,0.011568635702133179,0.008587629534304142,0.02771681360900402,0.19971920549869537,1.0918341875076294,0.06603395938873291,0.21832431852817535,0.01354859210550785,0.031808219850063324,0.005803469568490982,0.3504694402217865,0.0025748121552169323,0.004252959508448839,0.001091756159439683,0.0035875015892088413,0.01054123230278492,0.00235975650139153,0.0011402068194001913,0.004280115012079477,0.09140530973672867,0.042057350277900696,0.0007153441547416151,0.019089195877313614,0.0024649272672832012,0.013056647963821888,0.0005356795154511929,0.0008811492589302361,0.4448734223842621,0.004046082962304354,0.0011212181998416781,0.008381301537156105,0.0009143817005679011,0.010650016367435455,0.08407171070575714,0.009289269335567951,0.0008737919270060956,0.0005204186891205609,0.003959502559155226,0.07261159271001816,0.0016545993275940418,0.0009300854871980846,0.005729469936341047,0.019958730787038803,0.004820905160158873,0.0034739964175969362,0.04204097017645836,0.0057408674620091915,0.0073921214789152145,0.005770403426140547,0.010520197451114655,0.8750038743019104,0.04318322241306305,0.016907453536987305,0.014527938328683376,0.015436852350831032,,,,,,
unknown,And you'll will end with searching your right.,772,818,45.102394,47.108246,,,0.010788711719214916,0.0023611902724951506,0.0715898647904396,0.01081108022481203,0.001399302389472723,0.021219773218035698,0.00597779918462038,0.00808615144342184,0.010553032159805298,0.04233718290925026,0.24266408383846283,1.061495065689087,0.10803618282079697,0.2363041788339615,0.01683126762509346,0.025968406349420547,0.003699792781844735,0.20697300136089325,0.003731946926563978,0.0074481298215687275,0.0016663239803165197,0.004183450248092413,0.012594449333846569,0.0013702585129067302,0.0013114430475980043,0.005140664987266064,0.03463711589574814,0.033573731780052185,0.0006390310009010136,0.006519128102809191,0.0024610518012195826,0.007328273728489876,0.00048044309369288385,0.0010587379802018404,0.3724455237388611,0.002145186997950077,0.0008826110861264169,0.007527604233473539,0.0014028340810909867,0.006194541696459055,0.09241526573896408,0.008896778337657452,0.000932093767914921,0.0006173652946017683,0.005159628577530384,0.05307459458708763,0.0020409051794558764,0.001048039412125945,0.0073016188107430935,0.013338911347091198,0.0060634128749370575,0.005056282971054316,0.023699842393398285,0.01754993572831154,0.019302133470773697,0.0133126275613904,0.021162427961826324,0.7295209169387817,0.08272391557693481,0.03795040771365166,0.03202128782868385,0.0313398502767086,,,,,,
unknown,And then you'll be given at the end a list of all your notes in the pre order to first order.,819,912,47.638565,51.759842,0.8876256,,0.004549071658402681,0.0020142821595072746,0.02777766063809395,0.004620743915438652,0.003121715970337391,0.030232733115553856,0.0176572073251009,0.0047726985067129135,0.0058594136498868465,0.057632844895124435,0.4958021938800812,1.1495481729507446,0.01823258027434349,0.13051745295524597,0.029474278911948204,0.06132764741778374,0.0030789903830736876,0.3663395345211029,0.002785236109048128,0.0060083018615841866,0.0025324816815555096,0.00965153332799673,0.00577031634747982,0.002106093568727374,0.0007531040464527905,0.0065511493012309074,0.050784070044755936,0.019051579758524895,0.000268235249677673,0.013576598837971687,0.006029293406754732,0.026242325082421303,0.0006373185897246003,0.0016267055179923773,0.1454455703496933,0.004314699210226536,0.00171287904959172,0.006921092048287392,0.00334597984328866,0.009411445818841457,0.051757823675870895,0.0429053008556366,0.0007792400429025292,0.0010047315154224634,0.005909305531531572,0.08198311179876328,0.000706056656781584,0.0009898142889142036,0.0036595745477825403,0.006027557421475649,0.008060934953391552,0.01963154971599579,0.05154362693428993,0.0050356523133814335,0.005515202414244413,0.004337980877608061,0.008678003214299679,0.7617489099502563,0.09361638128757477,0.039439983665943146,0.03962082788348198,0.04270755499601364,,,,,,
unknown,That was very detailed.,913,936,52.64921,53.367634,,,0.0073886290192604065,0.0026255985721945763,0.026110393926501274,0.0033611475955694914,0.004539999645203352,0.035124521702528,0.019347671419382095,0.006147569511085749,0.004815226886421442,0.05092880502343178,0.5065373778343201,1.0092308521270752,0.01227657776325941,0.10920538008213043,0.035395845770835876,0.09289713948965073,0.0020200745202600956,0.3087868094444275,0.0036083341110497713,0.00794578343629837,0.00408449862152338,0.01315211970359087,0.004661723040044308,0.0025564052630215883,0.0008810391882434487,0.009172058664262295,0.039635904133319855,0.017584210261702538,0.00028354249661788344,0.011090408079326153,0.007317863870412111,0.032889533787965775,0.0006117232842370868,0.002137128496542573,0.09950298070907593,0.004342520143836737,0.0021411606576293707,0.006574227474629879,0.00633583776652813,0.016557252034544945,0.06030125916004181,0.09281444549560547,0.0007647694437764585,0.0016189616871997714,0.003962405491620302,0.13719339668750763,0.0008575747488066554,0.0013174602063372731,0.004230649210512638,0.007110497914254665,0.010353868827223778,0.027638696134090424,0.08210152387619019,0.006668283138424158,0.006507546175271273,0.005142776761204004,0.009284297935664654,0.5050306916236877,0.17089088261127472,0.1006484404206276,0.09639633446931839,0.0903380885720253,,,,,,
unknown,Thank you so much.,937,955,53.527283,54.16588,,,0.01712770387530327,0.003529440611600876,0.024793781340122223,0.002365382853895426,0.007172341458499432,0.04795079305768013,0.007962166331708431,0.006425701081752777,0.004272332414984703,0.05170134827494621,0.3510756194591522,0.4013924300670624,0.006933985278010368,0.04954220727086067,0.052635159343481064,0.11872068047523499,0.0016732111107558012,0.12844187021255493,0.006080708932131529,0.011092868633568287,0.006166132632642984,0.008619517087936401,0.002717060036957264,0.0018777380464598536,0.0008049309253692627,0.004628229886293411,0.03169407695531845,0.010010533966124058,0.0003924121556337923,0.008786862716078758,0.003028084058314562,0.2598748505115509,0.00036751554580405354,0.0011661979369819164,0.05293896794319153,0.0054327137768268585,0.0013906704261898994,0.0036733585875481367,0.004039065446704626,0.008851980790495872,0.06051461771130562,0.24409420788288116,0.0004626396403182298,0.0016839171294122934,0.008889773860573769,0.22781434655189514,0.0006153776776045561,0.0010573877952992916,0.003978857770562172,0.012467152439057827,0.006131527479737997,0.027392078191041946,0.07912188023328781,0.03065723367035389,0.024152176454663277,0.015663662925362587,0.01802242361009121,0.15377475321292877,0.15472576022148132,0.1713714748620987,0.22135721147060394,0.18592169880867004,,,,,,
unknown,"So now that you've told me, like, how you did pre.",956,1006,55.12377,57.379913,0.9410511,,0.08868557214736938,0.01383040752261877,0.04933944717049599,0.00872450228780508,0.0023607320617884398,0.010983153246343136,0.002790558384731412,0.01372160017490387,0.004765254445374012,0.009518308565020561,0.1383773535490036,0.08004163205623627,0.0052434043027460575,0.03504306077957153,0.04270235821604729,0.1906810700893402,0.0011182838352397084,0.03363386541604996,0.0017832618905231357,0.004155040252953768,0.0028420069720596075,0.002120745601132512,0.0022210951428860426,0.003689798293635249,0.0010975912446156144,0.0038768230006098747,0.10976335406303406,0.009060661308467388,0.0006351260235533118,0.03180740401148796,0.0009816032834351063,0.7805525660514832,0.000260863482253626,0.0005141469882801175,0.10991235077381134,0.032884612679481506,0.004674692638218403,0.006280858069658279,0.0012323982082307339,0.04515112191438675,0.027409745380282402,0.20690122246742249,0.0004408184322528541,0.0007545164553448558,0.032809313386678696,0.4300474524497986,0.0003637791669461876,0.0007451392011716962,0.002416676376014948,0.041460901498794556,0.006811667699366808,0.00510967755690217,0.12897220253944397,0.015002122148871422,0.022450052201747894,0.017116744071245193,0.020581334829330444,0.08368170261383057,0.1504877656698227,0.23673804104328156,0.2911669909954071,0.17573004961013794,,,,,,
unknown,Can you tell me about where you would use pre?,1007,1053,58.077282,60.413246,0.9466553,,0.05877495929598808,0.008287042379379272,0.0461462177336216,0.007206379901617765,0.0053809829987585545,0.026824120432138443,0.009476720355451107,0.008123837411403656,0.01047814916819334,0.006541974376887083,0.15260754525661469,0.2673395872116089,0.0476442314684391,0.1578737050294876,0.05234256386756897,0.08173184096813202,0.003808580804616213,0.15152235329151154,0.004686887376010418,0.012296509929001331,0.0037714240606874228,0.005353865679353476,0.025289449840784073,0.0014720088802278042,0.0012758637312799692,0.003987534437328577,0.14845441281795502,0.011567559093236923,0.000801558664534241,0.02849632501602173,0.004444491118192673,0.6254000067710876,0.0005130220088176429,0.0007877298630774021,0.47373637557029724,0.01115594245493412,0.003185736946761608,0.0037807023618370295,0.0013937803450971842,0.025350360199809074,0.02471286803483963,0.03359217569231987,0.0007189211901277304,0.000874332501552999,0.05230530723929405,0.18384458124637604,0.00076203205389902,0.000923157436773181,0.00477988924831152,0.026457343250513077,0.005435453727841377,0.0038335591088980436,0.0448770634829998,0.003452726174145937,0.005191823001950979,0.004599492531269789,0.007865985855460167,0.2617547810077667,0.16990426182746887,0.18862836062908173,0.2166372537612915,0.1346476823091507,,,,,,
unknown,"I think that one use case for, Russell would be to create a copy of the exact binary tree.",1054,1144,61.603672,67.166504,,,0.013300085440278053,0.0034767333418130875,0.013616391457617283,0.024051327258348465,0.008200512267649174,0.06101872771978378,0.002736948896199465,0.004281164612621069,0.00956819113343954,0.007582942023873329,0.08229497820138931,0.27867087721824646,0.05849849060177803,0.257093608379364,0.06562818586826324,0.01188692171126604,0.003516401629894972,0.18648335337638855,0.004117405973374844,0.024366164579987526,0.004241653718054295,0.0029166878666728735,0.02573493681848049,0.00036685721715912223,0.0010941653745248914,0.004468987695872784,0.12490187585353851,0.008869138546288013,0.0016415773425251245,0.014988986775279045,0.0010527553968131542,0.013058261945843697,0.0007091014413163066,0.00046177563490346074,0.6054490208625793,0.003566123079508543,0.002330310409888625,0.007751623634248972,0.0006441592704504728,0.020681187510490417,0.04242630675435066,0.0010352545650675893,0.0006438568816520274,0.0005302056670188904,0.11805564165115356,0.028439123183488846,0.0005871916655451059,0.0010909392731264234,0.006776104681193829,0.010870905593037605,0.006442899350076914,0.002346595050767064,0.01507754810154438,0.0008244094206020236,0.0015433150110766292,0.0026040668599307537,0.012207655236124992,0.8621501326560974,0.06546731293201447,0.018912222236394882,0.01627543941140175,0.014577816240489483,,,,,,
unknown,"So when a binary trees created, some the order in which...",1145,1203,67.56385,70.26579,,,0.013553677126765251,0.004710868000984192,0.047146275639534,0.013570789247751236,0.0013391512911766768,0.009722709655761719,0.006908559240400791,0.01032829936593771,0.01471022516489029,0.01627517119050026,0.14819180965423584,0.775029718875885,0.21928618848323822,0.4158990681171417,0.017984813079237938,0.016312817111611366,0.005350504070520401,0.2016349583864212,0.001763438107445836,0.004729903768748045,0.0013298194389790297,0.004027998074889183,0.0423680879175663,0.0014775404706597328,0.0017619618447497487,0.0028670784085989,0.04431586340069771,0.05584994703531265,0.001054959138855338,0.00759819196537137,0.003965429030358791,0.007554113864898682,0.0008694713469594717,0.0008796260808594525,0.4934011995792389,0.003265747334808111,0.0025942812208086252,0.006764027755707502,0.0009657417540438473,0.015367214567959309,0.044539134949445724,0.0009959045564755797,0.002257885877043009,0.0006510028033517301,0.019481703639030457,0.0237137358635664,0.0017928497400134802,0.0017065767897292972,0.0035677594132721424,0.006884318310767412,0.0033005322329699993,0.0038902699016034603,0.01502890046685934,0.0015942916506901383,0.0024779047816991806,0.0038201299030333757,0.010187621228396893,0.948697030544281,0.016474656760692596,0.00567576615139842,0.005434298422187567,0.006800771225243807,,,,,,
unknown,You add the elements matters.,1204,1233,70.520004,71.64,,,0.010157122276723385,0.003573915222659707,0.06709984689950943,0.012637022882699966,0.0005662990151904523,0.007367764599621296,0.006145079154521227,0.011050239205360413,0.012652437202632427,0.011244113557040691,0.1280629187822342,0.7330726385116577,0.1239834576845169,0.5776672959327698,0.012759649194777012,0.016954520717263222,0.004550870507955551,0.14666350185871124,0.0019088743720203638,0.004750314634293318,0.0011231967946514487,0.0038728322833776474,0.027770642191171646,0.001684754155576229,0.0017736621666699648,0.005257455166429281,0.048927076160907745,0.06085655465722084,0.0007106235134415329,0.008028101176023483,0.0023750599939376116,0.007076179143041372,0.0011423181276768446,0.0007126376149244606,0.49964049458503723,0.003292117966338992,0.0020750509575009346,0.007153645157814026,0.001069671823643148,0.009078169241547585,0.14029988646507263,0.0016390089876949787,0.001903473399579525,0.0008130998467095196,0.011955884285271168,0.029476884752511978,0.0015802141278982162,0.0016664922004565597,0.004142103251069784,0.010109511204063892,0.004712018184363842,0.004030239302664995,0.011003118939697742,0.0015796007355675101,0.0022511177230626345,0.0028754672966897488,0.007165365852415562,0.9299829602241516,0.02743806131184101,0.009616252966225147,0.008834615349769592,0.01046733744442463,,,,,,
unknown,"So if you wanted to create an exact copy, you would want to add in the elements in the order of the pre order triggers.",1234,1353,71.96,78.04,,,0.016677511855959892,0.0035455289762467146,0.12900885939598083,0.015412055887281895,0.0011483085108920932,0.01732715591788292,0.0031738500110805035,0.006663113366812468,0.0185242872685194,0.03478899598121643,0.22588205337524414,0.9253442287445068,0.08866336941719055,0.22010107338428497,0.028903210535645485,0.03920002654194832,0.0011589977657422423,0.11612188816070557,0.00347589747980237,0.011315125972032547,0.0035474535543471575,0.0033489868510514498,0.013433591462671757,0.0012233903398737311,0.0043357135728001595,0.007094250991940498,0.020049866288900375,0.0326899029314518,0.0005598036805167794,0.0020921204704791307,0.001647116499952972,0.013618217781186104,0.0010533182648941875,0.001281819655559957,0.1979818344116211,0.0024319894146174192,0.002043922897428274,0.006726864725351334,0.002356138313189149,0.017075825482606888,0.13234180212020874,0.007349231280386448,0.001185463392175734,0.0007837155717425048,0.013380090706050396,0.07832696288824081,0.0016677825478836894,0.0032602688297629356,0.0049782670103013515,0.007127509452402592,0.009708317928016186,0.007841108366847038,0.029690096154808998,0.007318893447518349,0.008831854909658432,0.009364932775497437,0.02212579920887947,0.9312319159507751,0.010440356098115444,0.0036754936445504427,0.003112618112936616,0.004061763174831867,,,,,,
unknown,Awesome.,1354,1362,79.092,79.25029,0.99902344,0.43639517,0.07833472639322281,0.015881666913628578,0.1862850934267044,0.05024530738592148,0.0023382941726595163,0.026513714343309402,0.0014787332620471716,0.014045003801584244,0.01005507167428732,0.014135736040771008,0.0740615725517273,0.3294794261455536,0.02920789271593094,0.04828339070081711,0.05866428092122078,0.0643014907836914,0.0010176432551816106,0.0812220424413681,0.0027949796058237553,0.017409982159733772,0.005433316808193922,0.0019843517802655697,0.003985407296568155,0.0033043150324374437,0.0021758221555501223,0.003233038354665041,0.21173162758350372,0.025351308286190033,0.0005092209903523326,0.030270174145698547,0.0007895457674749196,0.10895811021327972,0.0004838843597099185,0.0010825521312654018,0.23188214004039764,0.018431011587381363,0.005116064101457596,0.0032579530961811543,0.0008285405929200351,0.05787857621908188,0.03830944001674652,0.0075606126338243484,0.0003590113774407655,0.00030803296249359846,0.13755159080028534,0.21374358236789703,0.0004009748809039593,0.0012394948862493038,0.005365872289985418,0.01947127655148506,0.00543253356590867,0.003012196160852909,0.07703282684087753,0.011356953531503677,0.026696814224123955,0.025995329022407532,0.03837998956441879,0.19754111766815186,0.14504031836986542,0.2155110090970993,0.17022234201431274,0.08571277558803558,,,,,,
unknown,Thank you so much.,1363,1381,79.48772,80.04172,,,0.10808736830949783,0.01660168170928955,0.13732759654521942,0.017204249277710915,0.004358191508799791,0.03230573236942291,0.003386707976460457,0.017087630927562714,0.00840098224580288,0.013878735713660717,0.0641276091337204,0.16293120384216309,0.016858069226145744,0.026600632816553116,0.05589107796549797,0.07186838984489441,0.0011056580115109682,0.05596039071679115,0.004842869937419891,0.01230280939489603,0.0059598274528980255,0.005132966209203005,0.003693730104714632,0.0034273643977940083,0.002154221758246422,0.003468278329819441,0.16106286644935608,0.01696798764169216,0.0004581622779369354,0.02904011681675911,0.0018103033071383834,0.6790980100631714,0.0004599218664225191,0.0012811468914151192,0.1248004212975502,0.021891042590141296,0.004059582948684692,0.0010803414043039083,0.0018392623169347644,0.02597205713391304,0.02567923069000244,0.02500585839152336,0.0003017324488610029,0.0007843446219339967,0.11532776802778244,0.21065467596054077,0.00024886842584237456,0.001155138947069645,0.004898711107671261,0.02341601625084877,0.004977366421371698,0.005725097376853228,0.05761870741844177,0.01655104197561741,0.03957471251487732,0.03222101926803589,0.03746013715863228,0.14416660368442535,0.13348399102687836,0.22157350182533264,0.2043008953332901,0.10993082821369171,,,,,,
unknown,Thank you.,1382,1392,80.279144,80.59572,,,0.1009325236082077,0.02123618870973587,0.14330381155014038,0.020272821187973022,0.004552139900624752,0.04074141010642052,0.002519158646464348,0.014360264874994755,0.00896934513002634,0.015079512260854244,0.04851974546909332,0.12828920781612396,0.024901727214455605,0.017218666151165962,0.050307802855968475,0.06205806881189346,0.0016302700387313962,0.05648477375507355,0.0036903449799865484,0.010691722854971886,0.0038267720956355333,0.003517133416607976,0.0033926013857126236,0.003863926511257887,0.001460192259401083,0.0018054242245852947,0.19799064099788666,0.015374629758298397,0.0006072617834433913,0.03877554088830948,0.0011484622955322266,0.5714771747589111,0.00027786646387539804,0.0007017950993031263,0.10452315956354141,0.030123084783554077,0.005286756902933121,0.0010510713327676058,0.0011252221884205937,0.02911831997334957,0.017596561461687088,0.017027772963047028,0.00036557193379849195,0.00047311626258306205,0.12406439334154129,0.1784156858921051,0.0002987750922329724,0.0006981235928833485,0.0041620368137955666,0.02380768209695816,0.0029403618536889553,0.004059537313878536,0.05732141435146332,0.017899146303534508,0.03974847495555878,0.03178757056593895,0.037449728697538376,0.16526715457439423,0.12705197930335999,0.21299411356449127,0.21561755239963531,0.12200335413217545,,,,,,
